original amplitude,original phase shift,manipulated amplitude,manipulated phase shift,amplitude difference,phase shift difference
1,0.9,1,1.14,0,0.23999999999999988
1,0.3,1,1.14,0,0.8399999999999999
1,0,1,1.14,0,1.14
1,0.3,1,1.14,0,0.8399999999999999
1,0.6,1,1.14,0,0.5399999999999999
